RunId,iteration,Step,number_of_households,number_of_steps,flood_map_choice,network,subsidies_package,TotalAdaptedHouseholds,TotalActualDamage,TotalExpectedDamage,TotalAdaptationCosts,TotalCostsOfSubsidies,AverageDamagePerPoorHousehold,AverageDamagePerMiddleClassHousehold,AverageDamagePerRichHousehold,AverageIncomeToDamagePoorHousehold,AverageIncomeToDamageMiddleClassHousehold,AverageIncomeToDamageRichHousehold
0,0,10,1000,80,harvey,watts_strogatz,0,547,50270445.58131658,53096680.327722505,2564255,0,25308.236359767463,47509.80772322241,123146.74336420909,4.9852975410295794,1.6495776181304602,1.4245326438837713
3,0,13,1000,80,harvey,watts_strogatz,3,504,55625046.832309246,59044670.078703746,2489584,2193261,25385.554810737973,50419.04913920962,144717.91029713745,5.063186094887507,1.6839224335153598,1.6441446563310613
5,1,16,1000,80,harvey,watts_strogatz,1,270,65354356.663302615,68901330.39658043,2335100,2080955,35161.59519204183,62343.9020633016,155665.47653477016,7.127476895193861,2.130791690891687,1.7705573801704977
6,1,2,1000,80,harvey,watts_strogatz,2,221,67905047.11362122,71703486.69701013,435261,104769,33854.44669201891,68924.37920431237,145196.65302198025,6.588758915950943,2.288570417011383,1.6335313954394863
1,0,40,1000,80,harvey,watts_strogatz,1,509,46183161.535592034,48743051.717202,16305684,15351336,32190.808519162878,40938.51565019563,114997.7369049902,6.539604846897017,1.3962157080002178,1.3761193847896749
7,1,16,1000,80,harvey,watts_strogatz,3,552,45288295.52800726,47714282.33129214,4149444,4618701,24448.78875437557,41871.453888020194,120293.84774240793,4.971909937856464,1.3898992018142888,1.3561688082196561
2,0,65,1000,80,harvey,watts_strogatz,2,550,45490254.94930351,48009919.59103558,12398033,13188942,20228.187217033064,44999.77914191634,113734.91758275243,3.9445097051170777,1.5327048342837668,1.2905522639311648
4,1,80,1000,80,harvey,watts_strogatz,0,562,46884519.87469799,49465193.16400566,5018760,0,23797.399029242828,45181.037285575934,117458.3137099497,4.818096563616134,1.5053762512524198,1.3715506250929916
10,2,28,1000,80,harvey,watts_strogatz,2,505,49020738.4382661,51844367.81180624,9886177,9594653,29230.912733105084,48894.3102367207,99912.3286891697,5.802047721957076,1.70666252127381,1.180133646747709
9,2,53,1000,80,harvey,watts_strogatz,1,551,47410504.94673269,50252429.40868148,14767617,13877558,34116.69217796276,44979.905400118565,91370.3599388863,6.987522490468178,1.5401747862558626,1.0598918856195585
8,2,68,1000,80,harvey,watts_strogatz,0,627,48431022.09064537,51073131.57794275,5625775,0,24817.488498714727,44987.08048877729,117219.29654956303,5.282942332439201,1.5414723262551295,1.2962568438492088
13,3,16,1000,80,harvey,watts_strogatz,1,329,63233737.531474814,66905333.75905006,3659249,3272841,33444.83069597573,63546.50479504957,140265.5346614092,7.125628771387053,2.162158403270088,1.6281983432492644
12,3,40,1000,80,harvey,watts_strogatz,0,608,49322135.36508766,52101390.84403891,3394905,0,23404.835728665326,49482.32931768087,114268.01346695647,4.7473879032285735,1.6919496815859756,1.2941486482335995
16,4,1,1000,80,harvey,watts_strogatz,0,137,71332269.967363,75868854.84102994,190475,0,36139.67679297484,70302.45607281428,174235.5044559335,7.190010734808679,2.3875718499912044,2.002948213053752
14,3,52,1000,80,harvey,watts_strogatz,2,494,51105805.299877115,53931592.594187416,12071932,12719348,25276.264650337278,43377.27594895625,144587.07684715532,4.9837564502378955,1.4624550219764223,1.6921385494640875
11,2,77,1000,80,harvey,watts_strogatz,3,628,33593379.29432729,36038800.7145491,7366715,7499820,19973.652698549857,32442.06629746789,73194.84119799612,3.8608765963685783,1.0993042901741736,0.8250954035540741
18,4,11,1000,80,harvey,watts_strogatz,2,252,58240066.43606563,61342432.37010167,1059265,305900,34380.91336642435,63978.97345066803,83234.58610064979,6.962759302179992,2.1746243548805695,0.9525746254403938
17,4,51,1000,80,harvey,watts_strogatz,1,531,47686374.768072896,50589059.54649959,14505772,13620323,30563.26105246299,44838.54287762066,102767.37105500852,6.239412606369291,1.5146529908904514,1.1699302275276995
15,3,79,1000,80,harvey,watts_strogatz,3,594,42984916.4087344,45677494.04349148,6679274,7625476,21032.09743485597,41628.10245761978,100771.87706494321,4.112609225493986,1.4073636065926194,1.1635875662028918
22,5,14,1000,80,harvey,watts_strogatz,2,304,62917789.669004254,66618103.44263286,1878311,1073014,33893.56050754876,65004.4069009604,128128.4958816715,6.60884060085957,2.1698361069950907,1.42286260562624
21,5,43,1000,80,harvey,watts_strogatz,1,481,47163980.971774325,49959169.47554511,16068183,15133232,32107.85781960882,43849.46146038493,104683.58016153777,6.308561922707193,1.5137466767698697,1.1919647032281468
19,4,66,1000,80,harvey,watts_strogatz,3,620,35918401.43287621,38053035.31744938,7801738,8142347,23138.90425471991,34626.07361064384,80042.06039092995,4.555875352574856,1.1911157333615772,0.9179278615811423
24,6,2,1000,80,harvey,watts_strogatz,0,275,63078467.335563496,67005770.54491062,868950,0,32467.909153472076,61624.09397879122,143733.0004146069,6.499102055650325,2.081507492585409,1.6386282350422814
20,5,70,1000,80,harvey,watts_strogatz,0,615,45157063.888200074,47679188.69895793,4829685,0,21210.22082494545,44171.0380604345,119777.97620165985,4.0806542879025445,1.5275455686356207,1.332263186869314
23,5,29,1000,80,harvey,watts_strogatz,3,591,42200873.45770852,44946628.487938814,5554462,5774173,22633.165536794473,41274.81520573015,96955.54756761302,4.425015780681111,1.3769967339651497,1.1120341333454897
27,6,30,1000,80,harvey,watts_strogatz,3,553,43469689.12406649,46232369.75330829,4824216,5408664,25196.407042086765,43064.85511076781,93878.27220466174,4.918307822028963,1.4550597837703123,1.0952003165965893
28,7,38,1000,80,harvey,watts_strogatz,0,624,53267586.94817644,56291443.09824047,3581705,0,24903.849523947345,47028.80821581457,152017.61565590554,5.064580267245266,1.5956647337949872,1.779383287647883
25,6,58,1000,80,harvey,watts_strogatz,1,582,38072107.057989776,40083996.43467776,19652059,18496466,27620.81965774323,34291.710511508914,83173.8785770209,5.549828611418616,1.166379016921292,0.946334291907404
26,6,63,1000,80,harvey,watts_strogatz,2,624,41824974.56516355,44285748.852201276,14025725,13977825,19089.957117029357,38618.586175442295,120215.53914627999,3.8588123559468728,1.2792952369989794,1.4110264560213122
29,7,28,1000,80,harvey,watts_strogatz,1,441,50971950.30640126,53663120.45796997,11882661,11129999,32002.2110682398,51098.77828514538,99516.21446533033,6.31299276405904,1.7699706245902174,1.1446609564179533
30,7,48,1000,80,harvey,watts_strogatz,2,506,46115504.78005958,48730974.8674065,12907040,13133050,23035.685841270897,42799.26323834413,129718.6091755378,4.487444485381236,1.4868114907308674,1.472263717986266
31,7,53,1000,80,harvey,watts_strogatz,3,623,40228493.03724271,42361385.814632356,7374426,8174789,23323.115827331603,36745.40663747889,101536.20231945715,4.7734694123545705,1.2615319459859167,1.1594060946104214
32,8,65,1000,80,harvey,watts_strogatz,0,566,44550427.3284983,47274163.34833418,4868075,0,22567.11573910987,41975.909814487466,106333.9582714356,4.465381315195946,1.4384575532543191,1.1962579715755461
33,8,68,1000,80,harvey,watts_strogatz,1,533,41170218.59318632,43463508.847479925,17639535,16596280,26288.75158001347,39452.16609529233,88850.50342939529,5.2158503727592835,1.3145370936322354,1.0661363869087987
37,9,4,1000,80,harvey,watts_strogatz,1,298,67537279.0385949,71782374.98251489,386306,222979,33962.4207012866,66280.64979903639,168638.59993765704,6.491856664898975,2.2630013826355775,1.8991679802320989
35,8,39,1000,80,harvey,watts_strogatz,3,576,44055344.669551775,46660215.61565717,5882459,6883741,24205.234118526936,43755.14837135188,97157.80360874344,4.809395217436051,1.460893695979646,1.099715135364783
38,9,13,1000,80,harvey,watts_strogatz,2,339,60935925.51758377,64682367.37736409,1947368,1105962,33235.10729102044,61158.34360964669,126930.524458057,6.7204449035620035,2.060013244758545,1.456220385550695
34,8,57,1000,80,harvey,watts_strogatz,2,581,50075544.74305447,53008208.51551421,9661838,9377977,23309.360247185934,47357.391201839455,134985.1281785886,4.780318980602034,1.602146771591615,1.5026974871752325
40,10,13,1000,80,harvey,watts_strogatz,0,584,53456706.28438004,56638292.49094525,2073450,0,26862.869805554274,51181.973197384264,139906.22199778116,5.446631646559682,1.720595365078267,1.6398130455369346
36,9,43,1000,80,harvey,watts_strogatz,0,561,48492241.7988271,51352603.09267142,3314325,0,24487.834065437306,48576.28279320335,111413.30778752637,4.763144082585356,1.6339812556812114,1.2898841778454193
41,10,21,1000,80,harvey,watts_strogatz,1,345,63198809.40086813,66636931.06976556,6742962,6212768,31178.56909325479,58315.43854845722,155063.57431474846,6.536618730945371,1.9991453385272318,1.7815924849315914
42,10,56,1000,80,harvey,watts_strogatz,2,649,39702417.761647664,41736132.2651781,15339428,15575722,19980.659573051533,35516.937558616635,129688.04654975551,4.085622523722727,1.199952780673038,1.4980989937514584
39,9,80,1000,80,harvey,watts_strogatz,3,625,41122881.26257078,43623642.998116195,6372108,6369727,22127.42102367257,38143.30917723967,93645.00602539566,4.340317529652663,1.3064206609018807,1.059406968225001
43,10,62,1000,80,harvey,watts_strogatz,3,663,40790591.02239839,43019574.83169066,7977279,9360956,20896.45961779663,39137.84581597508,88088.86666489864,4.084193904032406,1.3205398679849487,1.0223716576931037
44,11,65,1000,80,harvey,watts_strogatz,0,532,47392257.77871664,50443616.957942195,3853820,0,24460.073051788648,46626.82666296437,112308.9436510404,4.762479082972264,1.5911076030209597,1.279053087973579
45,11,20,1000,80,harvey,watts_strogatz,1,362,59933360.13614615,63245944.33308507,5702008,5265662,35286.906051685735,57633.05593240843,145561.4604739976,7.073124964535775,1.899658534607131,1.6500121124196232
46,11,18,1000,80,harvey,watts_strogatz,2,315,58557659.77185572,61987940.90120415,3325508,2588212,34414.47815255489,58192.503767110466,116494.63770674112,6.940073972756155,1.9948839626934647,1.3381451271391716
49,12,18,1000,80,harvey,watts_strogatz,1,355,63524020.846433945,66972247.02195157,4509882,4133008,32138.76708774139,61033.587895565404,153387.21326681503,6.332395848862054,2.112632341456742,1.7432956975627818
47,11,29,1000,80,harvey,watts_strogatz,3,557,46863182.51907363,49982843.34689042,4812522,5085033,25887.25278981845,44195.29152680032,111389.51867602427,5.014811286796477,1.504624626068283,1.2781917460061272
51,12,18,1000,80,harvey,watts_strogatz,3,554,42367626.481571555,45162885.28709633,3759046,2964974,26771.63768870589,43537.424093353315,75446.71544222329,5.176520002952731,1.5132229365117662,0.8604736777242463
53,13,19,1000,80,harvey,watts_strogatz,1,448,61818412.92860418,65697979.989781715,6361464,5843111,30536.09324296897,62923.72394750034,120124.8680810075,6.34986865019301,2.1605064010963946,1.4127495959951322
48,12,70,1000,80,harvey,watts_strogatz,0,603,47740103.600450814,50779363.538761444,5746700,0,23089.666370671068,45549.31276156175,117069.18042856961,4.797005489040079,1.5308896252747028,1.3249605907600739
50,12,65,1000,80,harvey,watts_strogatz,2,582,42278890.161456056,44303612.42324605,16131354,16857416,21503.858538385597,40574.10737373814,114449.53375153216,4.283208946797144,1.3871520034027114,1.3287096678099934
54,13,25,1000,80,harvey,watts_strogatz,2,411,52618481.598667026,55701304.31482929,8204719,7236131,29935.43423132979,49190.022117986744,126219.1551443819,5.954357245180862,1.671667715942787,1.4322429760449988
55,13,23,1000,80,harvey,watts_strogatz,3,578,41181224.83331362,43749518.35387385,4452207,4392868,24631.297761726375,40788.27806966609,98444.09300569796,4.590642454157356,1.3772311143333835,1.1132914486694816
52,13,73,1000,80,harvey,watts_strogatz,0,563,49389927.75885288,52068350.064969346,4693230,0,22355.91060874136,47517.19108987498,130434.4337741304,4.303395179580492,1.6475700040072152,1.5026729491997968
56,14,63,1000,80,harvey,watts_strogatz,0,635,47057873.62352391,49998926.61028202,4437065,0,24031.2496516144,43640.34947553996,122689.77808641059,4.732925696717825,1.4634639323500593,1.3669774255721905
57,14,66,1000,80,harvey,watts_strogatz,1,509,45882712.87348066,48339496.65773461,17316179,16314966,28929.329721178005,42457.41314396875,106840.47625769027,5.6047864102962,1.4456831152325278,1.232898706491519
60,15,29,1000,80,harvey,watts_strogatz,0,524,50458181.032563366,53148037.48658645,2202135,0,28019.867897977318,49798.639505082356,120587.89089520834,5.619116991410152,1.6721640121266668,1.372302856262311
59,14,71,1000,80,harvey,watts_strogatz,3,610,43690986.09523832,46348013.47119033,7099959,7637761,24121.768210870847,40894.325065912744,105122.2909079759,4.765775785726402,1.3971807824290678,1.2127154677251635
58,14,80,1000,80,harvey,watts_strogatz,2,636,37122715.595140934,39363928.01890797,17871764,19084506,15170.56218796332,33759.917210717016,106241.35748405187,2.9842916144390332,1.1372292032683144,1.2414396712417017
61,15,20,1000,80,harvey,watts_strogatz,1,359,58744446.03629061,62112759.51541765,5448219,5020381,29531.48592050965,56303.37539460815,152730.46449675778,5.851635512297834,1.8636203270062917,1.7007409330200725
65,16,19,1000,80,harvey,watts_strogatz,1,394,63745388.066890165,67320319.46551801,5345383,4877562,35744.9134499204,62335.137832463595,145213.10257953295,7.404836364364743,2.137298430905702,1.6891020383569741
63,15,31,1000,80,harvey,watts_strogatz,3,566,39825089.77134673,42051015.617799476,6938479,6968126,24153.39399363301,38118.026401588606,86220.86023063523,4.76311042034422,1.2968190756906341,0.9590182718304376
67,16,5,1000,80,harvey,watts_strogatz,3,435,52470064.095255174,55871895.769890845,1874695,220240,31313.68233956324,47117.43335149278,127528.88532784571,6.250410996815759,1.5665247726079228,1.4220256072942694
62,15,62,1000,80,harvey,watts_strogatz,2,565,44131845.41277176,46861249.49419616,12497356,11790149,21534.870912391383,40705.927603954035,112848.27317243331,4.316673151022624,1.370470779326154,1.277260184291866
66,16,50,1000,80,harvey,watts_strogatz,2,547,43413480.48292675,46362502.48856581,13535369,13548261,24767.887032154405,40797.943909155045,109612.72490386263,5.033569668787403,1.4018100473374817,1.2676265351826184
70,17,5,1000,80,harvey,watts_strogatz,2,301,61228678.89190316,64838707.6009023,1007516,199264,32052.66470251342,65400.269779374634,109136.29047542355,6.46331582809001,2.2400362467639265,1.306949051928843
64,16,78,1000,80,harvey,watts_strogatz,0,628,43096765.21317335,45771354.71683703,4652020,0,23686.037324218076,44138.79514836055,87918.30403046616,4.730809268459405,1.4971138669696142,1.0180038475830124
71,17,1,1000,80,harvey,watts_strogatz,3,115,73909442.20909016,78403574.39291815,166782,55868,36187.33136853432,70646.73446414203,176852.55800368948,7.254472483178581,2.3599680959396756,2.0512063212875478
68,17,48,1000,80,harvey,watts_strogatz,0,566,50583776.5529877,53091499.8407549,3548805,0,25006.168112034615,51157.559848249635,120611.79908963433,5.068327866239369,1.7120909335287111,1.3773716777907432
69,17,29,1000,80,harvey,watts_strogatz,1,388,50287583.69350237,52888592.37723606,11387623,10658042,31171.106790322312,49277.74563769756,118031.30176212089,6.363848853501347,1.674709813830493,1.333451034862004
72,18,41,1000,80,harvey,watts_strogatz,0,621,45751148.421567656,48539371.55049405,4212360,0,24856.03201512406,41944.39737646543,117629.95736775883,4.793137652216023,1.4155353050387425,1.3446051582805503
75,18,49,1000,80,harvey,watts_strogatz,3,597,40541620.57410189,42711145.73688676,7461982,7597218,25558.998680370947,39894.36053883025,80853.6992273243,5.112935944061759,1.328116263717045,0.9289423969870216
73,18,60,1000,80,harvey,watts_strogatz,1,600,38669569.78771396,40694786.67685224,18532576,17436549,29859.64760898917,37729.24975796975,70420.54988688412,6.117961423132426,1.2671644828347708,0.7842829581937074
76,19,30,1000,80,harvey,watts_strogatz,0,571,52795838.95714377,55834910.09689579,2297430,0,27247.574871582103,46953.41541890531,147965.52155127827,5.309352287692983,1.582251698428349,1.7132616428773157
74,18,76,1000,80,harvey,watts_strogatz,2,558,43716108.49857009,45955764.36396084,13107711,13673294,22887.509637258867,43387.88502144217,107919.94698053045,4.626930307077031,1.4562323213132473,1.2209180923359717
79,19,8,1000,80,harvey,watts_strogatz,3,484,49325656.3703622,52053795.52638709,1865055,783605,28672.99359326161,47888.91179492111,122913.32140043529,5.549648702024174,1.6383953738779706,1.4648488568030242
80,20,5,1000,80,harvey,watts_strogatz,0,482,51613970.253261484,54557320.12832181,2079115,0,31483.26820905597,49892.561448025685,121566.26925358907,6.22534027741591,1.6644912611752014,1.4275776055723257
81,20,17,1000,80,harvey,watts_strogatz,1,335,62478029.48258099,66168493.05034408,4792201,4377434,32524.84748566665,60021.718939053186,146516.83581084287,6.596144413991143,2.0543910235656466,1.6769644599109155
78,19,37,1000,80,harvey,watts_strogatz,2,471,44492714.02030936,47291782.537559636,10996295,10524560,24845.276522994787,45726.57395098235,80898.1734831306,4.967105561088256,1.5783533376908168,0.9007687343938391
77,19,43,1000,80,harvey,watts_strogatz,1,503,44456560.02722212,46797951.07453513,16626901,15615189,34523.727236251274,40693.54461237906,93284.03546635063,7.142284748540561,1.3670816722511554,1.0922353405959861
85,21,2,1000,80,harvey,watts_strogatz,1,285,68032886.45078534,72155608.68310654,294149,175976,34535.485744366124,64061.068023330285,176236.55220401532,6.706211594356683,2.1382826455033204,1.9685053819397635
82,20,40,1000,80,harvey,watts_strogatz,2,508,48453583.790238015,51026223.65685686,10335309,10348386,24754.56910694572,42480.622122740366,127617.90792954784,4.81038489838578,1.4777166201256071,1.4443653625648598
84,21,27,1000,80,harvey,watts_strogatz,0,639,44529908.164895505,46971586.99964646,2768870,0,20900.152874929652,44053.98040207741,113411.39616279329,4.273752733666325,1.4646315688983627,1.257221891163305
83,20,32,1000,80,harvey,watts_strogatz,3,582,43853924.8340846,46595349.82650849,5202883,5600212,23093.56653912831,42139.10874494522,102252.7216753753,4.629737185975576,1.4156509596841962,1.1861357022335512
88,22,32,1000,80,harvey,watts_strogatz,0,592,50874694.09917629,53864694.172562204,2199500,0,26695.032894901848,48893.270248784065,121420.66009917116,5.316776352607704,1.6356823055071334,1.4179703271735362
86,21,55,1000,80,harvey,watts_strogatz,2,600,46802084.57006104,49669012.42747146,11182228,11475237,21682.609464229874,46610.70684941394,109093.26799459347,4.351965349330675,1.5969672118827187,1.2640552570801356
89,22,38,1000,80,harvey,watts_strogatz,1,504,48885854.0598246,51638128.51976983,13557034,12664736,31752.72961079942,45310.58732504985,110677.58887446756,6.627018964711818,1.5175434379153092,1.2522838513276016
90,22,18,1000,80,harvey,watts_strogatz,2,349,53307741.68038123,56536840.191612035,4151802,3451633,34373.558791170675,57783.746722583004,75970.00735018821,6.643478591674991,1.972535360219805,0.8564596378555421
87,21,62,1000,80,harvey,watts_strogatz,3,603,42134122.768879205,44629089.26794812,6381466,7737449,20432.985829314224,41222.94281889769,92423.38899358413,4.099741077126494,1.3931148191278984,1.0592232923575622
92,23,32,1000,80,harvey,watts_strogatz,0,586,47904268.01053031,50736630.77019458,2512660,0,25889.126555233943,50435.84172334551,97961.1226688564,5.169996969614597,1.7290500500077897,1.1295950985581156
91,22,53,1000,80,harvey,watts_strogatz,3,640,39019275.29634653,41462379.469135106,7111711,6763504,20599.355434080993,38905.32327917108,89902.51429235899,4.121582167898024,1.3068539836395443,1.043229335879853
93,23,64,1000,80,harvey,watts_strogatz,1,576,42655880.05345153,44742961.63047485,20155325,18943270,29232.260064689355,39268.449014897466,105230.9271471967,5.851939934561543,1.3158390715695474,1.208572298196314
94,23,73,1000,80,harvey,watts_strogatz,2,610,37699695.70731567,40147353.11878888,15672139,16528751,16972.41094012039,36513.99563081,102696.60183598376,3.4745288332228514,1.2435835976884673,1.2304030780022739
95,23,65,1000,80,harvey,watts_strogatz,3,572,41601283.6751544,43915577.09503761,6653754,7481996,21998.802563171557,41959.78474941613,101412.78230505301,4.301568649720112,1.4259919235092546,1.140914378137595
96,24,58,1000,80,harvey,watts_strogatz,0,616,42780550.517660044,45677264.23845039,5710800,0,22754.2545876172,43779.643941873466,100231.92486365727,4.521849650857038,1.5030861705072587,1.1370660700504165
97,24,51,1000,80,harvey,watts_strogatz,1,551,42822790.721264005,45376688.00065407,16509798,15530897,30086.285217338504,42944.860169426145,73368.88043114575,6.032396086030047,1.4729742038272613,0.8456661636901049
100,25,37,1000,80,harvey,watts_strogatz,0,565,51701024.335547276,54763312.13524816,2227845,0,25410.381651861364,51123.55273444038,116813.77589669837,5.027284336783416,1.7152188009703455,1.309852474224482
101,25,18,1000,80,harvey,watts_strogatz,1,389,57230354.938212074,60930705.02242898,5016073,4574587,30451.81285804605,56356.01438581397,134556.8566412632,6.3339610728877105,1.9298391720491412,1.5867147432617341
98,24,56,1000,80,harvey,watts_strogatz,2,581,42572829.15428499,45302021.30527583,11387201,12176479,19820.748293239372,41882.48455556565,104654.55684372672,3.9304729110390872,1.3850716488103418,1.2120857277894748
99,24,57,1000,80,harvey,watts_strogatz,3,580,42301803.91547213,45000298.856171936,6452862,6712743,23185.496720945735,39531.4795758854,107471.40069186651,4.611173876518112,1.3344978532520277,1.2468354902260739
103,25,36,1000,80,harvey,watts_strogatz,3,567,40835782.12095307,43009042.97419442,5604875,5886010,22870.0431006188,38305.164682931434,105708.11912938219,4.445676751238023,1.3185346212703752,1.1704690685143366
105,26,31,1000,80,harvey,watts_strogatz,1,467,51023326.02330892,53970868.6821571,11551331,10824269,32266.257184824583,47011.374345477096,120886.72582439381,6.255354759130603,1.6070047904092528,1.4216428104551826
107,26,2,1000,80,harvey,watts_strogatz,3,332,67741954.15641765,71224931.42018868,674570,116860,36725.71408850963,60115.977627237204,180206.6218265552,7.068926638497411,2.051012459798614,2.099938129572461
104,26,43,1000,80,harvey,watts_strogatz,0,621,38027278.50684756,40520532.37397544,4504735,0,17369.451571805806,39409.986572833164,82869.65486433158,3.535737886926574,1.3631007080122388,0.9682635547380309
108,27,10,1000,80,harvey,watts_strogatz,0,580,53541425.0611454,56556526.60212178,2170590,0,30441.34202919093,49610.71306139742,128805.60029860228,6.052317131334001,1.6814526019608564,1.4887835394847562
106,26,33,1000,80,harvey,watts_strogatz,2,505,51209442.8002579,54047629.92859103,7867152,7440508,25934.336975970404,49200.736220777566,122980.9766992544,5.22217853771824,1.6696095698007365,1.3835619449579686
102,25,79,1000,80,harvey,watts_strogatz,2,519,46729553.392002314,49729371.52533063,11755426,11607254,23639.42170840419,44908.83331428365,123883.71862758593,4.691626862831518,1.5432605848979204,1.3812735100817939
109,27,48,1000,80,harvey,watts_strogatz,1,542,42887784.35547726,45518399.240921356,21496250,20253770,31941.900079455976,35072.14732270856,102256.90048391753,6.513612029175269,1.148798845498842,1.2085637268812637
110,27,73,1000,80,harvey,watts_strogatz,2,524,42113619.50167194,44738688.91194847,16564740,16457380,19302.272329836207,38609.66138716889,110426.94913575702,3.8881254773645493,1.3000852605354185,1.2499309487373536
112,28,60,1000,80,harvey,watts_strogatz,0,579,47816866.41036949,50592719.24338087,4201110,0,24612.397849271427,46399.8519029856,122313.45520724222,4.8260626638775745,1.545304262975095,1.4137261141596336
111,27,68,1000,80,harvey,watts_strogatz,3,540,41013011.497931,43360587.21773297,7020200,6979780,25190.086107322433,39928.28888002372,87408.33128145615,4.974534359841753,1.3508827341436342,0.9927583241933692
113,28,56,1000,80,harvey,watts_strogatz,1,587,45474609.35990874,48534057.69693868,15081911,14134399,28697.019381617978,43866.48946641208,97486.85466225348,5.808686931847762,1.4807094164393304,1.0980543745858504
114,28,27,1000,80,harvey,watts_strogatz,2,444,48581304.712882206,51481911.279932104,7774489,7392436,34370.52763783642,47995.574922285785,89917.38154140982,6.8765830834941175,1.6093520946363147,1.0562957815871443
117,29,5,1000,80,harvey,watts_strogatz,1,226,69890823.70143166,73977252.77317964,487013,297317,33954.415247418874,65911.00434696376,167405.7941592533,6.988050275006208,2.2568544615365793,1.8993629402745797
119,29,11,1000,80,harvey,watts_strogatz,3,513,55452566.809355594,58164191.517389625,2839147,2092698,25187.42829005874,47323.670647578256,152763.8955389033,4.894288865143867,1.6377310822086535,1.7359714161412543
115,28,35,1000,80,harvey,watts_strogatz,3,574,39856356.142665334,42030846.46072737,6124699,5562576,24461.627266104606,39476.52450447738,82313.57370612616,4.906342496321952,1.3527638028685003,0.9419086250542098
120,30,25,1000,80,harvey,watts_strogatz,0,610,46188921.18176383,49075623.73049162,2823705,0,22609.984286462728,44734.330552805,106908.90956421616,4.482425500922554,1.5326282081375149,1.2612688565396966
116,29,61,1000,80,harvey,watts_strogatz,0,588,52126716.12229188,55734413.58470165,3553345,0,25575.05318546145,49078.59431819094,134457.46307966646,5.02898203552246,1.6932043719550711,1.5302868050369465
118,29,62,1000,80,harvey,watts_strogatz,2,611,40745336.12245147,43009296.94959144,15106676,16209789,18868.854864153138,38463.88224280639,109125.88089524968,3.7947597144039427,1.3020444689412898,1.2108403432345023
124,31,9,1000,80,harvey,watts_strogatz,0,524,53374283.56681746,56557508.04802497,2092820,0,29878.674736383666,50533.39664931222,124428.81235126633,5.872236774132645,1.7456165568237094,1.3960403777411163
121,30,61,1000,80,harvey,watts_strogatz,1,512,44359096.67697862,46837681.95455838,17675716,16648579,27585.011585851807,41512.94782730279,100652.34582666107,5.570058921333484,1.4224943353466006,1.1504954541061663
122,30,46,1000,80,harvey,watts_strogatz,2,532,44632967.610583164,47704335.55770017,12011916,11804499,25324.918478725926,41862.933535123666,104396.55790920687,5.141275402776701,1.4177335774655382,1.1593071140613027
123,30,58,1000,80,harvey,watts_strogatz,3,606,37909957.23633794,40077454.41794413,7932674,8113426,21518.12408226766,38070.00197606321,76000.97291775576,4.2108602444395355,1.2560237383171475,0.8921581704226713
125,31,41,1000,80,harvey,watts_strogatz,1,512,46613859.34947524,49129382.07803497,13522926,12685369,31754.92178210233,44172.79090935666,96137.71651832268,6.483322888151156,1.5072363799864874,1.0923090574056944
126,31,66,1000,80,harvey,watts_strogatz,2,664,39106089.76730737,41351972.035719745,17008682,17189993,17932.458016042063,34062.71946610828,115237.20824855106,3.420936962473699,1.1382756242111418,1.3166598937259204
129,32,32,1000,80,harvey,watts_strogatz,1,449,52187458.00223161,55286161.19769396,12550549,11769566,31857.283130316482,50435.568300694824,108652.91809133005,6.692397344177823,1.717172578350879,1.2604663515975527
131,32,12,1000,80,harvey,watts_strogatz,3,568,48803529.065946415,51957360.676829495,2569277,1826893,27396.05862912526,46220.785165830355,128517.48551738374,5.615692116415862,1.5569674670754385,1.4841490755078683
127,31,75,1000,80,harvey,watts_strogatz,3,600,39762609.053899415,42267667.79164143,6216690,6861890,21804.5056754002,38576.1971822088,90446.87827192307,4.365600170854495,1.315418930354027,1.0046947376131954
128,32,76,1000,80,harvey,watts_strogatz,0,577,45001209.58439676,47783832.408580504,5668095,0,24081.248668085853,46578.550187736335,94253.19561538019,5.064197798513153,1.5628109256816218,1.1040195570518678
133,33,25,1000,80,harvey,watts_strogatz,1,419,47183791.092635974,49916746.72410692,11936694,11170476,32570.74743332676,45236.438847474914,95999.219859819,6.441252666836703,1.5879397687858465,1.1396924213440638
130,32,56,1000,80,harvey,watts_strogatz,2,586,43834455.22498202,46128147.30418979,11765429,12679966,23097.492078654406,44087.1374683951,97849.30207653763,4.646599708530888,1.499701009587304,1.0586384971474547
136,34,2,1000,80,harvey,watts_strogatz,0,287,65340029.36765157,68934931.80888878,896230,0,36270.599742136554,60342.39765868202,162960.14250573397,7.077621755889808,2.0293216835079115,1.8338307943615944
132,33,61,1000,80,harvey,watts_strogatz,0,602,49593142.50431102,52573003.55106936,3323915,0,22325.012917693737,48731.456330282344,115506.24461732552,4.3652520824545755,1.6876387268033306,1.304101642573603
135,33,55,1000,80,harvey,watts_strogatz,3,575,39284832.05327627,41923175.38962911,7815688,9662377,23376.21213786312,35988.21088652773,88144.31723098544,4.6884957653931245,1.2164526817006103,0.9997803095546767
139,34,3,1000,80,harvey,watts_strogatz,3,345,57233378.38767711,60911309.696087986,1066188,96362,32177.710090201977,55784.50095036084,139645.83620518888,6.401573223914687,1.9181217705971312,1.6065861881118846
134,33,75,1000,80,harvey,watts_strogatz,2,584,37935613.399954155,40062324.34399502,16446473,17124397,20596.899145200343,35465.60425719535,102552.1474662753,4.214944715107879,1.206406790160831,1.2349284178535416
138,34,44,1000,80,harvey,watts_strogatz,2,613,44902269.91273473,47534028.32938766,13236894,13274636,23486.759342478643,42766.45155001207,98533.46743268163,4.7667597821564005,1.4630385946595885,1.1333780864343947
137,34,69,1000,80,harvey,watts_strogatz,1,605,47803990.85281469,50546860.602247685,15684330,14732900,26265.29452921718,48142.95311862151,97466.61594142098,5.307928627747585,1.6245726624699064,1.1312543924118594
142,35,17,1000,80,harvey,watts_strogatz,2,362,62556465.08915365,66100432.709257334,2499095,1844420,32189.316912535443,63120.40647616713,126335.5550800364,6.433165303281455,2.1759954796731593,1.4529801206148865
140,35,45,1000,80,harvey,watts_strogatz,0,624,45875768.500833124,48920087.789118774,4143895,0,24965.099560479113,43231.89794287614,109254.66211574594,5.06524783452298,1.4562014971001338,1.2958188116280709
141,35,57,1000,80,harvey,watts_strogatz,1,531,41819837.53912807,43998972.33833256,19565433,18379262,31213.910598660663,36813.270056303256,93507.14038582068,6.164376186145313,1.257318462972949,1.091690208227995
145,36,24,1000,80,harvey,watts_strogatz,1,424,58337169.90965867,62011844.11482178,9375373,8722142,31518.90015375241,55357.35926147425,130942.74390969139,6.232382794197184,1.8343841757856814,1.5051808601059424
143,35,69,1000,80,harvey,watts_strogatz,3,626,35810540.729629375,38190503.20327169,6772131,7018934,19366.182009077922,34942.10975809041,87227.29419122518,3.778733844933165,1.1805953209109001,1.0097416686765142
144,36,61,1000,80,harvey,watts_strogatz,0,614,50264974.9831028,53354839.284865,4918930,0,24862.074753176996,47286.91852099221,122980.92809643105,4.951074248853239,1.5604975692914906,1.465177900933424
148,37,7,1000,80,harvey,watts_strogatz,0,517,47753240.20577252,50373184.90232328,2192685,0,31022.419268145204,45530.09077409763,97787.93159782342,6.151117605711899,1.5230792272810032,1.1147213451173494
150,37,12,1000,80,harvey,watts_strogatz,2,265,61252288.01463387,64824783.622402444,1268684,512666,34444.05405523561,67289.36846769918,91394.48615207417,6.816124276748533,2.2670646274440402,1.0426478187732247
149,37,35,1000,80,harvey,watts_strogatz,1,463,45003606.664581366,47475538.23316084,15050271,14139894,30257.45539681672,41644.658019442875,105249.17238081702,6.118984905895113,1.3948852814747863,1.1990719745398397
146,36,76,1000,80,harvey,watts_strogatz,2,554,39168843.445114724,41405353.76342254,17041970,18151440,18608.690021901817,37371.402624567214,105994.73822040265,3.6447687191547296,1.2775676346692078,1.229344062625857
147,36,73,1000,80,harvey,watts_strogatz,3,651,37582381.8523962,39712922.24246628,7920077,8995633,22273.40270111608,36314.947256771506,83422.74982064214,4.458049600608408,1.243488670785041,0.9837386238768256
151,37,52,1000,80,harvey,watts_strogatz,3,565,49476602.75733643,52411979.34995814,4588097,4352758,26040.934947643294,48830.302869327104,107477.72123068437,5.327077878239521,1.663521531129579,1.270362312694782
153,38,31,1000,80,harvey,watts_strogatz,1,472,51082179.61388204,54316915.76627348,12839916,12038529,33532.29194736626,49315.242203835776,106093.55788249083,6.499197075152565,1.6731985036025543,1.2204338235946535
156,39,34,1000,80,harvey,watts_strogatz,0,587,47722552.62528063,50610590.15278045,3446490,0,26360.86473705293,45971.43711227533,111638.34815844477,5.174873777916365,1.548185297849231,1.2991988516606636
154,38,60,1000,80,harvey,watts_strogatz,2,582,41202525.56073696,43488555.61711823,14526145,15501300,22252.372153575085,40762.9510853502,97219.6718352338,4.320735415998246,1.3627805112528375,1.1542367406604925
152,38,72,1000,80,harvey,watts_strogatz,0,613,42492594.88255487,44857690.07262353,4886560,0,22828.705322930175,39679.6133139401,101611.93189307947,4.658774771212909,1.331804670055359,1.1498777879074764
155,38,56,1000,80,harvey,watts_strogatz,3,641,39262836.90855894,41794969.76341924,7447057,8341328,19874.722915281793,37969.581692535234,99057.61326986089,3.9269953561645647,1.2885283837130732,1.1101596712493196
160,40,12,1000,80,harvey,watts_strogatz,0,533,51532580.745646864,54449905.470674805,1848990,0,27500.49977406284,49125.671470220615,132441.0121624488,5.377897574541825,1.6595276349658068,1.5179897204111568
159,39,28,1000,80,harvey,watts_strogatz,3,580,44523333.850058414,47279715.95820417,4850700,5489590,23041.75596533199,43071.025883282084,105596.50267872946,4.66325850913269,1.468279070627767,1.2347583729019806
158,39,32,1000,80,harvey,watts_strogatz,2,466,52963767.990253754,55654033.11147106,10387898,9936482,28375.928237447028,47514.59497515886,131999.14802377796,5.405808684604264,1.6230909657296584,1.513945715219559
157,39,45,1000,80,harvey,watts_strogatz,1,525,39468000.23111145,41661567.58414086,16685874,15655271,31036.24556285991,38362.910468000344,69847.26745643807,6.095648332942544,1.3073906108395654,0.7782974261716868
161,40,13,1000,80,harvey,watts_strogatz,1,307,64703353.00002874,68226955.59080891,1508610,1273550,31018.64859409321,64659.824807379446,152541.43717763128,6.412325242683944,2.2299636355293715,1.8717246008804074
162,40,26,1000,80,harvey,watts_strogatz,2,506,54884796.8383064,57945206.37092711,7789086,7146389,30519.672925375104,50734.97292467326,145409.54625929572,6.069506588666057,1.7233486412588683,1.7035005941113515
165,41,48,1000,80,harvey,watts_strogatz,1,497,46384061.2017695,48758994.3634053,15782514,14844971,31254.869770231653,44259.654824373305,92861.25051801329,6.137327748178221,1.5233042636975065,1.03702478915656
164,41,51,1000,80,harvey,watts_strogatz,0,610,43328940.878058344,45745336.16210321,4049175,0,23184.419827751444,41829.61780128485,112303.39830228672,4.6074787186109605,1.3995752513951796,1.3103206546028479
166,41,43,1000,80,harvey,watts_strogatz,2,505,47994052.574499354,50680037.053012885,12577264,12322811,26294.9274689232,46966.26297021961,113179.4937362867,5.259281684377695,1.6051421535453725,1.3225776745710924
163,40,75,1000,80,harvey,watts_strogatz,3,616,38289198.754813775,40799175.7957858,7226869,6795296,19549.923377822124,36438.521236779125,105040.28312486401,4.014715427790481,1.2059248201409336,1.2882803652840287
168,42,34,1000,80,harvey,watts_strogatz,0,621,45353773.63602613,48531941.79863484,3905235,0,24045.12660110512,42509.14062565263,110517.71968329571,4.804237865719028,1.424377476416246,1.246436167211986
169,42,38,1000,80,harvey,watts_strogatz,1,559,51118205.24270341,54131383.71537467,10014595,9344755,30407.997632119037,48824.09226950204,120222.2134713102,5.717254124269252,1.6961120966351957,1.357559009856906
171,42,17,1000,80,harvey,watts_strogatz,3,608,44403572.37329905,47415525.7324506,3844884,3953446,26036.019571502948,43602.521871711855,94303.80279229337,5.118462335708481,1.4781177251543476,1.076809927655812
167,41,73,1000,80,harvey,watts_strogatz,3,606,41274306.10280803,44051497.47060223,7243034,8161946,23488.756421689435,37535.155497361215,110273.46101964373,4.677523672426212,1.2378294369232008,1.3394091210965327
170,42,77,1000,80,harvey,watts_strogatz,2,608,43678005.19565317,45824543.617346734,15451728,16349207,21740.18963147684,34720.88007840228,146311.29895584699,4.226685840047273,1.1919310765727344,1.6919824942703656
173,43,42,1000,80,harvey,watts_strogatz,1,417,51753722.55728498,55123559.14298521,12317078,11537877,33426.099372678436,48080.39570942484,122596.84929872067,6.737733974257437,1.6429847058671656,1.4448828326113288
175,43,9,1000,80,harvey,watts_strogatz,3,513,49795383.439215004,52725957.609430686,1971666,700789,28642.417849663758,49083.28768056115,108831.48024590022,5.714970197364805,1.6771129141414611,1.2271820651793992
172,43,59,1000,80,harvey,watts_strogatz,0,636,45294152.75964088,48308013.29789696,3689485,0,22949.52566481684,46547.168396088295,97865.76937522806,4.729137730578627,1.6039596832338496,1.1488517478674913
178,44,18,1000,80,harvey,watts_strogatz,2,336,61813827.9812523,65135112.34636705,3842167,3084063,32041.992424184835,61802.74082698821,128143.69221620836,6.288936397843568,2.09428236721665,1.437656164683683
174,43,69,1000,80,harvey,watts_strogatz,2,626,40773070.239563346,43201144.638196945,14368575,14964420,21125.968881469045,39550.89195536802,95061.79852698698,4.118600396162204,1.334418650566731,1.0697862020644973
179,44,19,1000,80,harvey,watts_strogatz,3,592,37205836.28137633,39433502.03801446,4690462,4611958,21548.534069159745,35659.605064941745,89594.96251715417,4.163770582983822,1.1984899627206111,1.0643739937508527
180,45,6,1000,80,harvey,watts_strogatz,0,523,48466994.67970737,51227322.132915385,2311575,0,32898.45575953509,45238.50635454189,103261.73611206228,6.464937295119163,1.5592591828076887,1.216874933862933
176,44,61,1000,80,harvey,watts_strogatz,0,608,44779476.75508547,47405526.496735625,5008755,0,20736.67790866267,45853.492513084704,98115.9627692453,4.104293613182058,1.5941900489449294,1.161585652274738
183,45,3,1000,80,harvey,watts_strogatz,3,311,59833585.0407762,63452971.83592552,1149114,88771,35542.50066619848,53753.57153730283,149380.32964881952,6.867758978741514,1.8721732285084203,1.6723619886716345
184,46,1,1000,80,harvey,watts_strogatz,0,144,67537807.59548298,71853535.88730526,188445,0,36784.44889955343,68990.64473060063,139342.76012711064,7.797114243308569,2.3420133418362252,1.5705960128705792
182,45,26,1000,80,harvey,watts_strogatz,2,484,53126813.006131865,56623057.91479638,7151734,6428631,31445.48501763659,49998.58933888638,121952.44917641302,6.5491648473008315,1.680956537119929,1.386772250908621
177,44,74,1000,80,harvey,watts_strogatz,1,607,41679676.25778774,44042111.49287547,21465264,20233151,27426.06483309775,39212.54672390852,88863.78305189076,5.360211904791753,1.3285374254612887,1.0038183364916136
181,45,37,1000,80,harvey,watts_strogatz,1,518,47439325.38714517,50275855.946721874,15590062,14631848,32542.033402242887,45120.51801816284,94916.52530107682,6.464580267456657,1.5565176428568608,1.0547735699449667
185,46,22,1000,80,harvey,watts_strogatz,1,380,57082715.48294078,60334835.96431198,6598486,6099044,31465.641415741084,55708.93913728938,118927.356866315,6.211713082353703,1.8558155954338909,1.3690574684924033
187,46,20,1000,80,harvey,watts_strogatz,3,518,46162560.22001792,48876876.65246043,3898583,4516637,24338.90768943323,43383.603768169916,123513.68751985814,4.640631613860304,1.4624061078461064,1.4541272232468747
189,47,17,1000,80,harvey,watts_strogatz,1,329,60534590.50965799,64128899.89690562,3041987,2728373,35787.13327649871,58407.70415100054,149435.1523895231,7.181762233227745,1.9847884305058852,1.749200450591575
188,47,27,1000,80,harvey,watts_strogatz,0,589,48861739.30421232,51685341.43777139,2588535,0,23528.375725296402,44939.741703843494,134902.88477845275,4.875505244406093,1.5387839817756068,1.549756565220937
186,46,56,1000,80,harvey,watts_strogatz,2,574,42684754.85704821,44582042.526681036,14896768,15063192,21584.643889387236,40196.15708814321,116525.23209420104,4.442677042853475,1.3690001445224302,1.3801512089492134
192,48,46,1000,80,harvey,watts_strogatz,0,588,47413239.05081173,50281839.09263681,4205800,0,26236.855108065487,46878.34935832295,107182.23878851309,5.275046794394743,1.5670458980915274,1.209421699844311
190,47,58,1000,80,harvey,watts_strogatz,2,580,41225794.760506205,43665331.67850825,15502680,16289160,20999.589444014055,36274.49777268649,122047.76224483618,4.170303584827591,1.2324592496907252,1.4337472405732945
191,47,66,1000,80,harvey,watts_strogatz,3,631,35935672.04476553,38020766.19804883,10345131,11729624,17468.300181527753,34379.014576419046,85265.78783423538,3.422374930759579,1.167818058671295,1.0008587802799291
196,49,3,1000,80,harvey,watts_strogatz,0,379,58118825.13737865,61672370.87004904,1622000,0,32694.205151669415,56256.4635084916,139695.71726885275,6.628037599007693,1.894504836355296,1.5813500060582084
193,48,47,1000,80,harvey,watts_strogatz,1,472,45019141.55451451,47799633.3723136,17371880,16341680,31593.470738408152,41010.263919399506,104341.92813726065,6.412811158185244,1.3910387338406485,1.1947356881021605
195,48,53,1000,80,harvey,watts_strogatz,3,602,40781353.56975062,43387167.884106345,8111947,8568353,22172.080569565805,35968.33526493116,100623.63396302624,4.3981098050839424,1.207434007801187,1.1677369085003477
197,49,34,1000,80,harvey,watts_strogatz,1,521,43761295.16392895,46309670.96010937,14533408,13630752,29945.580032634996,41530.32273188963,92500.79626402228,5.88023186404819,1.4097294231590354,1.0376152583201108
194,48,62,1000,80,harvey,watts_strogatz,2,515,47097066.010060266,49928730.721669585,11587332,11930588,21852.70839224587,47237.45221380031,126672.79105383185,4.420526051399477,1.6198343491065867,1.4548603990492508
201,50,8,1000,80,harvey,watts_strogatz,1,363,67116684.31938744,70827964.37819216,606916,399509,32477.52967261057,64800.00906706267,164085.5460455576,6.393287957030142,2.1911448772198043,1.792927370979407
200,50,20,1000,80,harvey,watts_strogatz,0,566,49657126.21443745,52410467.99322994,2748610,0,24735.16528967872,50619.905776714,106532.20983672127,4.980025728386304,1.714218704522074,1.2023521068047047
198,49,53,1000,80,harvey,watts_strogatz,2,547,42158612.40384738,44289766.73617547,15001311,14602864,22911.204155846128,38531.60559862753,110142.3158072429,4.691149782665286,1.294873356588038,1.2422508673456258
199,49,79,1000,80,harvey,watts_strogatz,3,643,43520146.208353095,45849340.15759186,7987466,8635769,21148.672994358672,42346.78589357123,104965.6150944674,4.2286556826070365,1.4206145035317965,1.2373371676554843
204,51,65,1000,80,harvey,watts_strogatz,0,561,45456449.37561625,48068872.71404931,3711420,0,24981.353123666908,43753.571854192465,119625.53095458752,4.960686458966756,1.4814586167331567,1.3608939681740528
202,50,80,1000,80,harvey,watts_strogatz,2,615,43008390.422405556,45529973.17552329,13836059,14165266,17238.506937805614,41059.426780396876,117799.17049550846,3.3768523243151316,1.3584364702458238,1.357734078682457
203,50,80,1000,80,harvey,watts_strogatz,3,650,40460500.17046266,42792958.33197687,7989009,8332481,21585.34216970922,38273.881479031115,98717.24043630842,4.273503924927071,1.3196989600609905,1.139079420110402
207,51,30,1000,80,harvey,watts_strogatz,3,556,45138055.690704465,47860736.41131517,5143619,5769746,28074.07086319435,40446.28004939261,120645.2791733845,5.619025308334632,1.365555350512179,1.323530586857496
208,52,34,1000,80,harvey,watts_strogatz,0,639,45833107.69676651,48449124.62370878,4068685,0,20823.15257330682,43205.58377626274,116516.3408680214,4.226422126913758,1.4518297234410342,1.318721990911957
205,51,79,1000,80,harvey,watts_strogatz,1,598,42623379.88331952,45031019.51530281,15511524,14572266,24306.52820853389,41822.38858900433,90450.7094233265,4.681679427808706,1.4105683645651759,1.0211856007778306
210,52,25,1000,80,harvey,watts_strogatz,2,441,55578769.804521896,58433606.71121154,6265895,5965415,28064.720624907135,56311.83502062978,119946.54836221911,5.540801642472471,1.9085637498756356,1.3681435138535567
206,51,73,1000,80,harvey,watts_strogatz,2,587,39360912.52290592,41384147.106233776,16178946,17416469,18913.260191865644,36223.1778795367,119817.36775881393,3.7051335390016598,1.2330768851497529,1.425276855421809
212,53,25,1000,80,harvey,watts_strogatz,0,590,48420077.13901654,51185332.36139188,3003710,0,22155.040140379246,46270.698303250465,125725.80417243668,4.253649739066718,1.5803342562816487,1.478609235599145
209,52,70,1000,80,harvey,watts_strogatz,1,518,39153929.32518755,41683832.16500224,19203319,18107266,26485.1642349385,35465.98519878442,89321.52866947524,5.1427798313377115,1.215362957940616,1.0110162828150344
214,53,11,1000,80,harvey,watts_strogatz,2,310,60589166.76541217,64082357.088077195,1371906,535659,32205.97277051283,63366.313894512554,119154.87539725778,6.568225546101068,2.1698322771360345,1.361825288161906
211,52,40,1000,80,harvey,watts_strogatz,3,589,46223404.01089096,49075824.54618741,6701203,7181687,21891.446744842662,47028.87863014877,112826.01155541067,4.445798377922342,1.5618099740377112,1.2742463701426114
216,54,14,1000,80,harvey,watts_strogatz,0,580,45596066.594371766,48425521.26760505,2599400,0,24932.350236322633,42345.01503868079,115303.46506003565,5.099134479300509,1.4124752077451177,1.294966281580464
217,54,29,1000,80,harvey,watts_strogatz,1,434,50768163.86425956,53883717.63810459,11270417,10559953,33837.3475540912,50444.12013034036,109185.50299179387,6.776967417963566,1.7608245331535355,1.2791746862907416
218,54,15,1000,80,harvey,watts_strogatz,2,431,61564618.277234934,65122166.56417239,2958074,2165116,32379.39419586671,62292.84799714171,128437.75615821338,6.541345199103486,2.139123332261848,1.531614623075546
213,53,77,1000,80,harvey,watts_strogatz,1,606,42145568.20499608,44883945.06524935,20183470,18980340,23138.16829895427,38329.59638983027,107960.53386398878,4.490918044077476,1.3179771053030913,1.2112537565947212
219,54,18,1000,80,harvey,watts_strogatz,3,552,49570897.82549907,52486666.9976177,3483272,4164103,25743.55177285723,51779.679194893404,94793.57359513514,5.221633019310142,1.757121187811546,1.0684564865659572
222,55,3,1000,80,harvey,watts_strogatz,2,281,65314990.78434781,69081407.9275703,740033,167902,36025.91243940119,69316.92476714835,119915.32682748706,7.269658988653533,2.3169821640171566,1.3372205468353129
221,55,17,1000,80,harvey,watts_strogatz,1,335,63377115.789618485,67091976.56388995,3992605,3627975,31136.686748167675,63330.65609463531,142895.83023579564,6.200672101925255,2.1483555145405258,1.5993072428526949
215,53,63,1000,80,harvey,watts_strogatz,3,641,40098457.40469929,42770999.94730619,8340783,9016922,20093.73386996039,36535.4540135966,96691.09156371623,3.998038350570935,1.2293894785169104,1.1213861162747867
223,55,43,1000,80,harvey,watts_strogatz,3,601,37809053.83085113,40140624.31658751,6692443,7338387,25347.467772534757,35097.23023840359,88203.75482418448,5.022167015921619,1.1860114528755596,1.0020914810487476
224,56,44,1000,80,harvey,watts_strogatz,0,561,49685446.529757805,52593476.04363481,3438560,0,21026.872722660373,48011.4865746715,131568.79000360606,4.075112021416712,1.6326380987081504,1.474732718928469
220,55,75,1000,80,harvey,watts_strogatz,0,548,48833364.681118265,51640594.1528654,3650770,0,26561.488795433303,44681.825408614684,137448.0879458124,5.102730477663525,1.5211663516451004,1.5499233723065926
225,56,45,1000,80,harvey,watts_strogatz,1,500,47391262.18557891,50502732.102908865,15521946,14561304,30277.40684247291,41609.95393922173,111538.24229428735,6.141354361082327,1.4312191412920845,1.2822120693247019
228,57,18,1000,80,harvey,watts_strogatz,0,611,40990564.62861005,43609750.14410022,3149250,0,21920.63401635511,40357.71297128549,99640.36024931373,4.33774954022894,1.3664089021520573,1.165873433899916
227,56,44,1000,80,harvey,watts_strogatz,3,598,45726793.33007191,48410960.04433242,4709655,4559895,28192.24953381934,43154.967986659234,115908.16420642845,5.614753890734378,1.4664013920594603,1.315311163220937
226,56,53,1000,80,harvey,watts_strogatz,2,567,44801855.47107908,47555354.064321265,12816682,12825063,20953.609837354554,43163.72566538673,109530.94094557794,4.214583534582539,1.4635898777110599,1.1996881013277891
229,57,51,1000,80,harvey,watts_strogatz,1,605,37388077.2165789,40125041.454280324,18460194,17342816,28061.904987869075,31639.828641896358,91999.975188327,5.520014144353819,1.1050218681627564,1.085877406184005
230,57,35,1000,80,harvey,watts_strogatz,2,546,45603926.713753894,48223270.561305925,12452456,12457804,24809.818559468564,44166.647089452155,112713.60422942655,5.055265983916218,1.5339971753103459,1.304103785887904
232,58,15,1000,80,harvey,watts_strogatz,0,571,54233601.370671295,57331842.924110785,2313740,0,25592.1387012664,52696.813588077144,125369.37109666274,5.2364287259476505,1.7779576717488603,1.4805672279754782
231,57,28,1000,80,harvey,watts_strogatz,3,585,42308450.79065962,44676824.791782826,4621923,4380632,24283.4978050849,37301.155059370474,122248.1450983042,4.751902335297251,1.2472389667176826,1.3842522197446787
234,58,34,1000,80,harvey,watts_strogatz,2,498,50766474.155789115,54082944.49591706,9432022,9000758,27564.152194817187,48421.51977235394,115687.10395796843,5.528820137838265,1.6665064199756152,1.3173422060699194
233,58,39,1000,80,harvey,watts_strogatz,1,484,42343183.407946184,44535397.95600375,18862784,17738116,31023.144794925847,40309.54868411187,80190.55353054982,6.229184308426938,1.377438096278719,0.9338507211485667
235,58,55,1000,80,harvey,watts_strogatz,3,616,38425231.08364106,40578614.25297882,8265404,8788866,20057.97728258004,35860.08281444228,93172.36591648524,3.9178988221101614,1.1972766038280593,1.056460536213489
239,59,4,1000,80,harvey,watts_strogatz,3,370,54966529.350100935,57916691.64866423,1419388,178057,31417.881767952123,53830.61563413562,130053.37229337684,6.277065939474761,1.812271539459275,1.526287375801571
236,59,64,1000,80,harvey,watts_strogatz,0,652,51012856.07332367,54029493.298071675,4754525,0,24552.341342679516,46447.5400459472,143135.84364444378,4.768216476972879,1.548245099219568,1.673971690478039
237,59,64,1000,80,harvey,watts_strogatz,1,482,47089796.01247813,49622015.72535346,16262440,15304020,26838.453629280146,48589.38597234924,88510.58634312419,5.228098551012924,1.6749551757901235,1.050759781837599
238,59,79,1000,80,harvey,watts_strogatz,2,553,46935165.23699932,49811148.29153306,12870726,13537674,21675.76877674999,46829.496202500035,118637.01469907415,4.396423765961012,1.620180487837674,1.3694678550574055
240,60,48,1000,80,harvey,watts_strogatz,0,618,47372380.98736346,50191986.015591756,3857295,0,22212.581274291453,46304.46113598989,106819.5984448836,4.589560346081349,1.5769980509227877,1.254826168443367
241,60,36,1000,80,harvey,watts_strogatz,1,467,49909772.33649815,52594501.01701223,14251732,13344333,29649.391391701607,47508.47384551243,110766.37349036263,5.799253109950061,1.602304770151641,1.2502905064781915
242,60,51,1000,80,harvey,watts_strogatz,2,562,44079952.49591798,46538271.360442206,13606034,13577931,21881.254348425755,39584.28485195772,114419.03085114284,4.263720701223243,1.3218596918210712,1.2885267837362884
246,61,7,1000,80,harvey,watts_strogatz,2,268,64054591.72471027,67725099.94139317,978967,174158,33443.49032960756,63944.45801245045,130938.67638314527,6.912356359419919,2.159155328649738,1.4698503236660785
245,61,43,1000,80,harvey,watts_strogatz,1,573,43380530.99578466,45851002.457959704,18092611,16984924,33867.904368022864,37684.12142362348,103066.84580502688,6.512524416904594,1.2856500783049767,1.1619766730787437
243,60,55,1000,80,harvey,watts_strogatz,3,607,37264071.71626343,39395541.583278134,8326853,8737467,22141.41186097411,35956.09714846335,78452.00944142233,4.4317550677674555,1.2319239931711101,0.9219631216282398
244,61,55,1000,80,harvey,watts_strogatz,0,574,44887471.08013077,47823426.72660666,3423800,0,23501.929757679256,44127.079657358205,100418.8878746072,4.843779305547961,1.5023312773102273,1.1658784826622408
247,61,25,1000,80,harvey,watts_strogatz,3,525,47844538.74271439,50656328.71860807,5071943,5547537,26817.735087046964,43231.66814994125,123772.51170245849,5.114296335823028,1.4321112720349845,1.3442782658853862
249,62,49,1000,80,harvey,watts_strogatz,1,518,47153944.41263105,50080318.908774555,16275859,15300506,29244.41241105814,45288.69260324365,95842.29640751274,5.700061407251288,1.5303467399128923,1.096320824987882
251,62,43,1000,80,harvey,watts_strogatz,3,529,43692903.68318251,46617049.07268635,5606012,6080573,26551.520887195547,41480.76324476772,104390.93125084558,5.447670531396211,1.4173690588622159,1.1870233184539047
252,63,18,1000,80,harvey,watts_strogatz,0,582,49246374.26236311,52461685.727635935,2562745,0,24502.743008075497,48877.31213224309,110865.21275260147,4.865301721458334,1.6667952772074346,1.3208340783743893
248,62,79,1000,80,harvey,watts_strogatz,0,609,47897831.2501431,50474649.309956506,5751060,0,24972.87302726278,41988.35669551439,137984.0166557981,4.7986399106577675,1.4109335491199204,1.563155623939715
253,63,14,1000,80,harvey,watts_strogatz,1,296,64715948.65038925,68937554.01944625,1350448,1122307,34181.304463161796,64786.013173808344,147043.47572515826,6.767927980241736,2.207879079702533,1.7472893288884712
256,64,6,1000,80,harvey,watts_strogatz,0,560,54119084.198740676,57407754.35494135,2164565,0,27252.511791686284,51585.800500206184,126116.23913734166,5.550241575542712,1.746188866639299,1.4474230682295026
250,62,80,1000,80,harvey,watts_strogatz,2,606,39440684.24507651,41739627.7094279,16199871,17177989,17950.505847846314,38485.86637279276,108684.71955724269,3.462749511778611,1.2716003370249118,1.2218651545052777
258,64,2,1000,80,harvey,watts_strogatz,2,285,69424562.26799999,73567204.15784708,445792,127658,35422.088142854554,67049.18435003563,168957.09715610708,7.339189110237685,2.257960697701847,1.9015966174060766
255,63,66,1000,80,harvey,watts_strogatz,3,476,46927852.33285138,49371919.6372544,6470946,8290674,24752.76360738866,45874.91889120491,107731.09064734315,4.8979571275329405,1.5392147778322154,1.2630597585161953
257,64,64,1000,80,harvey,watts_strogatz,1,579,41622255.785256855,43973906.13252496,17259402,16211348,25895.041796150872,39576.33854236253,93837.59259313018,5.0113121671337595,1.3543983286437136,1.063975524504595
259,64,61,1000,80,harvey,watts_strogatz,3,625,38714740.99496094,41060285.450221404,7712595,8472935,19228.000252379967,35641.89743636735,107446.23987995874,3.862203049996713,1.1965774865579124,1.2453762478039663
254,63,76,1000,80,harvey,watts_strogatz,2,532,42568219.121570565,44892589.96416698,14808005,14961345,22991.207442467134,41865.193211270474,95942.56851857383,4.595984950000329,1.4321802023450956,1.1083403369657432
261,65,12,1000,80,harvey,watts_strogatz,1,289,62024161.31656959,65268094.32286428,1529184,1296791,30340.5528286802,62643.38707380996,140707.6708443493,6.008718142347771,2.097551124892945,1.6364277325647851
260,65,30,1000,80,harvey,watts_strogatz,0,568,49475364.247927174,52338984.90113111,3332620,0,23411.218633953897,46541.80375167075,135554.31831794447,4.545176700433971,1.5422388375509228,1.5658546928278456
264,66,52,1000,80,harvey,watts_strogatz,0,639,46804176.39333912,49443732.355271585,5120785,0,24072.16856946611,46463.85837181142,117824.81257376462,5.084068570701528,1.5811620852421349,1.3157535218376597
263,65,68,1000,80,harvey,watts_strogatz,3,669,38241755.63040886,40903556.04639754,7818620,9362130,20894.70595436011,37585.07073669624,85946.22907020285,4.313570695810107,1.2970534150833977,1.0367579725174354
262,65,80,1000,80,harvey,watts_strogatz,2,573,43042166.77387379,45820359.103346385,13490708,14509817,19307.450194782865,40082.6732024646,121154.71755943124,3.7899109818674956,1.3615236870655996,1.4437344282219742
265,66,60,1000,80,harvey,watts_strogatz,1,560,40037518.31621663,42269404.07266956,19524135,18344385,24961.39844898437,35721.0209977283,103268.44896024505,4.914729825000071,1.2212052045386848,1.169057874085673
269,67,11,1000,80,harvey,watts_strogatz,1,295,62249870.82197456,65954381.3600219,868538,662852,30136.62521670536,62767.36256107377,133977.2569446076,5.9888837430378015,2.1257864036228833,1.5585516613174042
268,67,18,1000,80,harvey,watts_strogatz,0,565,46971694.08661827,49573078.3272253,2632530,0,25376.712593926364,45121.60268636279,117119.15757593956,4.9515982691182625,1.525365523155524,1.3400064124726454
271,67,9,1000,80,harvey,watts_strogatz,3,455,52560410.41496081,55927174.350648105,2067341,877684,29363.794533093347,51007.070409535656,124997.47885337833,5.854764184760686,1.7427443878024198,1.424540534852395
272,68,5,1000,80,harvey,watts_strogatz,0,489,51750910.84705774,54460468.52168478,2103135,0,29894.235576467836,50133.005005708146,120323.78111974346,5.807830607546147,1.6844296720776375,1.3851433485951072
266,66,60,1000,80,harvey,watts_strogatz,2,548,47849107.613428816,50871203.86359344,9630267,9988728,21025.299519855045,45931.481945191554,117282.97413206869,4.051901393856986,1.591699536980779,1.3056443548717036
267,66,79,1000,80,harvey,watts_strogatz,3,696,35627565.36193394,38044301.04220744,8045529,8148696,17316.800045546734,33448.32323534718,95123.8323997591,3.6106893106834455,1.1192385605058195,1.0894404650906193
273,68,38,1000,80,harvey,watts_strogatz,1,479,42484403.6290492,45097460.89192301,15063978,14138152,31342.36810675385,41535.295546285335,79797.06275120175,6.3046029511779995,1.4350819580899918,0.8918279836240514
270,67,61,1000,80,harvey,watts_strogatz,2,606,37254011.30310984,39575372.175946236,15138396,15809459,19265.985408705117,35446.05619534766,97088.69252419547,3.849208453139188,1.1920553085683494,1.1239904671481589
275,68,14,1000,80,harvey,watts_strogatz,3,543,47325080.797802106,50415889.91962315,3086788,2530902,26604.248042363884,43739.121262444605,125932.49417401425,5.479944129283291,1.4852111148065832,1.4913377680740754
278,69,11,1000,80,harvey,watts_strogatz,2,288,62584779.24273647,66693416.653705716,1124249,360816,33834.14650292171,62726.92519042081,136397.90954829266,6.797714008759991,2.0813666227884116,1.544194461504413
276,69,25,1000,80,harvey,watts_strogatz,0,624,50112867.88664969,53277734.29384837,2930100,0,20857.90645662222,45939.66384044589,130592.35207651074,4.178384757956358,1.5629110174105563,1.520869546419859
274,68,60,1000,80,harvey,watts_strogatz,2,624,41455281.94159497,43551083.246619835,17841109,17595576,19387.51118486981,33327.0606690104,126269.292378977,3.8227927498476615,1.1361276055421499,1.494731808645255
281,70,38,1000,80,harvey,watts_strogatz,1,447,45415611.451123364,48561486.9664234,14273092,13378293,31898.20168858933,43517.559835694876,88634.29410502364,6.505859086702302,1.4493075369033623,1.0149794648547452
277,69,70,1000,80,harvey,watts_strogatz,1,606,41510859.70004567,43831937.62866784,22083414,20784876,29525.89666145125,35065.49928503276,99780.5414806508,6.067314918966674,1.1829820894920187,1.1609597065261743
279,69,61,1000,80,harvey,watts_strogatz,3,691,37725210.03674891,40454991.311438106,6644330,6718475,23139.264000197007,36419.506523728174,77710.09391826086,4.575625535475401,1.248305899222045,0.8834857283251563
282,70,15,1000,80,harvey,watts_strogatz,2,322,63592212.6932178,67132716.95626937,2076372,1345373,34323.47204236087,63907.484117747306,128139.65815995455,6.680165280360466,2.16406966100049,1.5025448567335948
285,71,1,1000,80,harvey,watts_strogatz,1,119,70567078.92734614,74969705.4335085,108694,67156,34407.04444861477,67186.76905067526,174449.24311045493,6.959388468641905,2.306022594642738,1.9696252735594888
280,70,75,1000,80,harvey,watts_strogatz,0,600,46500104.06825911,49265804.955278456,4236295,0,23601.860880597447,44667.23048911588,115984.22575964319,4.87260631926569,1.5327428235896579,1.325713453466945
283,70,33,1000,80,harvey,watts_strogatz,3,581,46212681.760456145,48672144.65688588,5721710,6479750,24448.540195762187,45105.972563289615,121556.54956436245,4.8222738056812675,1.502787458999245,1.3736883358244953
284,71,60,1000,80,harvey,watts_strogatz,0,577,44827069.99545161,47531767.83350344,5135340,0,22082.199335631452,44475.00957351931,101107.0378165155,4.353571015942112,1.5037464409069428,1.1662368213878667
287,71,42,1000,80,harvey,watts_strogatz,3,585,40288186.3836683,42584921.90508486,6312890,6270205,21994.886376433773,39269.12665097513,93309.45224834977,4.3881717912730664,1.3230977632301546,1.0955414014975553
288,72,44,1000,80,harvey,watts_strogatz,0,647,48212310.49849676,51104826.025921784,3467695,0,25220.911519039575,45601.63573603906,115840.14974444428,4.945512434604675,1.5776920511355732,1.315296252167027
286,71,70,1000,80,harvey,watts_strogatz,2,554,40470528.65413094,42926153.13234202,16849456,16336309,21265.722524133613,35706.03494686865,115052.71076301753,4.1756394574095035,1.190883312859397,1.3323014632198262
291,72,24,1000,80,harvey,watts_strogatz,3,533,51346369.76793504,54431768.0952224,3399516,3615484,25087.802826925592,49623.902539896146,119678.98230820829,5.02844589846033,1.6990441205405304,1.3938026221721287
289,72,57,1000,80,harvey,watts_strogatz,1,534,46387143.9772876,49027723.78788046,13234412,12418328,28751.626654116524,44195.225300554805,106738.76798904274,5.846170933203886,1.5047665392276648,1.2401329368193243
292,73,45,1000,80,harvey,watts_strogatz,0,608,48183541.26993944,50880626.77223307,3275885,0,24409.800361716476,43424.726016026594,142431.8272816743,4.830684217331787,1.440858057427802,1.6207656547664706
294,73,5,1000,80,harvey,watts_strogatz,2,283,60237824.27853473,63611161.94126023,942698,152967,32880.02895470804,64700.95040127605,104615.7621286288,6.671699730911792,2.1481208940615257,1.2242273378693127
293,73,41,1000,80,harvey,watts_strogatz,1,476,50632165.490360856,53624711.818715796,13534173,12686572,31807.371110181426,43767.54813296227,130659.4161154884,6.259452744869103,1.4996069823845333,1.5249222766047215
290,72,78,1000,80,harvey,watts_strogatz,2,604,32884396.73319299,34599659.48928514,18896001,19079779,17714.02731720553,30870.09781089052,87628.30223081133,3.5000410927465917,1.0277537281987335,0.9734463395959716
297,74,40,1000,80,harvey,watts_strogatz,1,510,43661493.873827845,46329252.316354565,16974976,15962699,31820.14149989009,39325.942632942046,96304.2177783886,6.329633311417861,1.3196353952759228,1.0949743554723512
299,74,15,1000,80,harvey,watts_strogatz,3,461,48231881.466716886,51062492.00773763,2836325,1927860,27038.945847712213,47375.783779085665,108404.87371143016,5.316838129020373,1.6104992231677462,1.189291771049807
296,74,76,1000,80,harvey,watts_strogatz,0,649,44548829.94617641,47179831.14795643,5123605,0,21017.016023681692,41683.88400459719,115837.51677285868,4.1256453302313,1.4003155127586957,1.3117316545427569
298,74,60,1000,80,harvey,watts_strogatz,2,617,39464021.476307094,42057951.52610125,18235516,17992594,18807.997626405842,34579.98344957974,124212.08343962196,3.6855703049677997,1.1791980715969221,1.4067804912239599
295,73,78,1000,80,harvey,watts_strogatz,3,632,34761612.22463704,36947067.309605934,8474055,8901410,17336.005739480504,35778.05353998706,69398.00474718735,3.4564778368925984,1.2261579601544303,0.8105810859295848
300,75,19,1000,80,harvey,watts_strogatz,0,533,48009442.60206254,50982656.0280624,3038610,0,24584.23056526952,46535.62258813982,106881.68930972803,5.009247462398768,1.537932636148379,1.2045533543413423
302,75,13,1000,80,harvey,watts_strogatz,2,319,64461665.41202798,67900790.81809151,1765053,976312,32962.660913308646,65398.90278835477,124457.7721289751,6.553449791179784,2.171849138244315,1.413444480070596
301,75,37,1000,80,harvey,watts_strogatz,1,500,45997863.703817174,48421368.448658206,18092202,17003848,30500.704747726973,40594.84854362897,117087.73248221328,6.061496646670391,1.3901582596381308,1.4021218788673904
305,76,29,1000,80,harvey,watts_strogatz,1,484,52428406.056036614,55347907.33375285,12261769,11477276,32940.73450897395,48628.867986429635,122594.32824650044,6.768138836716085,1.642527202965317,1.3654675113698362
303,75,59,1000,80,harvey,watts_strogatz,3,627,38058057.042135544,40182234.409717426,6994832,6652633,22992.428067900848,36567.55299486892,86405.29213551534,4.598619519742431,1.2289918643362228,1.011086056812068
304,76,50,1000,80,harvey,watts_strogatz,0,600,44242726.07510621,46938586.15537283,4104745,0,23511.872445351713,44255.27886812958,102197.34137387016,4.897646775631783,1.4964557295230512,1.1461798275138062
306,76,28,1000,80,harvey,watts_strogatz,2,412,55234411.706404924,58738852.6758564,8100257,7613173,30660.834589001814,52595.24354928371,120813.23405303067,6.124109885731946,1.7996291939790332,1.3343513960025608
309,77,13,1000,80,harvey,watts_strogatz,1,327,68265297.85985339,72224235.23107573,1677894,1427751,32711.78732442995,64401.08550840966,168881.64706548484,6.589574022720996,2.201884439594485,2.028121338138804
307,76,37,1000,80,harvey,watts_strogatz,3,605,45606680.73003356,48470357.15332875,6005465,6516275,24853.006553783987,43046.862961947976,115221.31304770363,4.923790678903998,1.4437187054826945,1.2982374508921943
310,77,29,1000,80,harvey,watts_strogatz,2,445,49373750.664449595,52078449.152072005,9371304,9037991,28859.300252792007,46613.72103852446,120321.70531795024,5.551749745535229,1.6256803507503292,1.340771390853286
308,77,67,1000,80,harvey,watts_strogatz,0,560,45071901.05480729,47809355.80445015,5401455,0,19813.968911212898,44008.711831794644,109583.0606950827,3.936345421911273,1.472509370060454,1.301793870356079
312,78,55,1000,80,harvey,watts_strogatz,0,623,48619542.975553505,51277423.76714833,4280785,0,22962.89049655817,48265.56176205024,115577.7986738912,4.782559939287977,1.6684744328821821,1.2912246509049792
313,78,50,1000,80,harvey,watts_strogatz,1,520,47811954.366343156,50210596.60235556,14710422,13817458,32933.23019471222,43367.93988100226,110548.71682338702,6.483720064533967,1.482532187060183,1.2406586695191018
311,77,75,1000,80,harvey,watts_strogatz,3,630,35694720.91741364,37698239.6523024,6800023,7400412,20723.95233319208,34133.87984361818,86169.1605292495,4.011924776334173,1.1987745946762276,1.0250971662363384
314,78,25,1000,80,harvey,watts_strogatz,2,549,53259083.74791638,56805377.01081237,7328428,6720782,30192.46308889352,50858.49250009324,127937.00832557543,5.827628156008388,1.7499975400771504,1.4506310178741215
315,78,19,1000,80,harvey,watts_strogatz,3,545,41245945.48957306,43895901.48761226,3962379,4034286,21070.310401590676,40721.8688178153,94988.77144423724,4.255124869648452,1.389889278775132,1.10684583245699
316,79,10,1000,80,harvey,watts_strogatz,0,553,47328372.25676135,50193210.45668593,2318570,0,26583.810492855522,45690.48678858591,107286.66225917477,5.270056225274608,1.55697570484411,1.1956220397713262
319,79,24,1000,80,harvey,watts_strogatz,3,624,36557331.03131365,38905455.01543536,4841897,4665028,18406.83048812664,35897.31987696764,87030.34954774362,3.5246048590661982,1.2206315234410157,1.010960704934288
320,80,29,1000,80,harvey,watts_strogatz,0,558,51942790.81854467,54698388.480875686,2451145,0,25579.281846607977,50419.80471051985,121939.34869363968,4.9972899626557625,1.72832619546395,1.4121380989070136
321,80,5,1000,80,harvey,watts_strogatz,1,274,62872728.16154734,66330224.020613216,458975,275585,34802.43280072413,62509.997807739186,138076.2224975693,7.031296864420908,2.1100677354822706,1.5736150429493017
318,79,43,1000,80,harvey,watts_strogatz,2,555,40846392.43998727,43087203.25354637,16684591,16197054,21330.54372750772,38380.23883053996,101974.79406764731,4.29690029824606,1.301191335667657,1.1743653270075551
323,80,19,1000,80,harvey,watts_strogatz,3,604,43838034.66146089,46522981.379361145,4373633,4871887,25747.247790346788,43262.67998823159,92809.61461148197,5.079842399260613,1.470789351457538,1.1088414939335054
325,81,10,1000,80,harvey,watts_strogatz,1,342,65761583.32512927,69351493.99212557,684061,492134,35859.24369300758,65061.58163640917,152659.6015516503,7.240066251728917,2.195588527524023,1.7568460380953348
322,80,33,1000,80,harvey,watts_strogatz,2,498,50499700.1357549,53533768.28308504,9029442,8625008,29443.798195615414,50800.57837348038,102562.92922702686,5.807979432201118,1.7244346004044255,1.1813039828997858
317,79,72,1000,80,harvey,watts_strogatz,1,609,44993070.3733496,47276363.54003674,18348588,17244142,26753.035072143302,39797.39582173019,111140.05936350374,5.21932283811006,1.3381033977937535,1.285327959840794
324,81,41,1000,80,harvey,watts_strogatz,0,571,58113052.27550371,61640354.28406505,1959565,0,27479.729666009196,53885.32487242574,157687.63573415598,5.535808506213535,1.8324808554800864,1.8264707020064836
328,82,23,1000,80,harvey,watts_strogatz,0,556,47873351.083701484,50493747.296266794,2631880,0,23879.520856271374,49937.04085057984,91349.5921605763,4.640694371970835,1.7364084376186455,1.0252013045679946
327,81,50,1000,80,harvey,watts_strogatz,3,590,36849516.217850246,39076260.45654193,7921350,8834880,20641.78991483585,34597.69134720441,89656.14495473966,3.9727369579357377,1.1788382531540686,1.0111190818490712
329,82,52,1000,80,harvey,watts_strogatz,1,554,44008365.446317255,46459887.665384084,18109700,17044430,29451.513407902166,38907.305380802936,107220.11707615806,5.53926935482897,1.303196871327868,1.2088122604173603
326,81,80,1000,80,harvey,watts_strogatz,2,637,42833503.419595726,45408188.490689404,16187550,16130075,21681.45557655095,37785.09564316658,121478.93704943171,4.311956681516242,1.2706254091306488,1.3987219483130566
333,83,7,1000,80,harvey,watts_strogatz,1,274,64041974.9401234,68029348.79927976,457664,277656,33708.04835508562,64909.70766518301,135610.76398637635,6.885831878099772,2.170227464941758,1.5087036168980257
330,82,63,1000,80,harvey,watts_strogatz,2,566,44916794.820598416,47495696.59686862,15310960,14516625,21679.159181179413,39635.48559314408,130108.46875562708,4.274106756537994,1.3449655664988711,1.45309514335521
332,83,26,1000,80,harvey,watts_strogatz,0,618,49647451.67514188,52649615.873047024,2816560,0,22471.798200994304,48147.98864215138,125736.52695003805,4.42532775735044,1.6140729045854163,1.4831861603183916
331,82,53,1000,80,harvey,watts_strogatz,3,631,38666442.84315494,41512393.591895536,7157549,7366796,20750.669799177304,35715.04740036827,98851.74403324004,4.007393798642842,1.1854029972861635,1.1577615334104172
335,83,15,1000,80,harvey,watts_strogatz,3,531,50498372.19708442,53221068.94314485,3398270,3515440,28482.088768047528,47914.52137051993,111827.29381861641,5.6570744022009904,1.6271114702238811,1.295670462686399
338,84,22,1000,80,harvey,watts_strogatz,2,456,53969561.47657542,57058400.78061311,6140934,5509681,34639.73670064897,52105.12628689076,112016.49730847831,6.826720725216287,1.747784735772337,1.3015440174585156
336,84,42,1000,80,harvey,watts_strogatz,0,581,46009682.36149857,48908213.66308854,4052240,0,19721.96379236591,45436.67929611878,112567.9895735255,3.9177392862796405,1.5757387310748288,1.2594514166769337
334,83,55,1000,80,harvey,watts_strogatz,2,582,36021435.256893255,38016798.790548824,17777981,18049084,19739.75791216943,36186.76106251094,82369.2403984247,3.868326182187401,1.2299649904984085,0.9690529191207635
337,84,61,1000,80,harvey,watts_strogatz,1,549,46316970.01093063,48897391.00137041,15039790,14126350,30808.883416511115,43950.9447306774,92928.6624800774,6.1841701431565435,1.4949896206162734,1.0840468160201417
340,85,28,1000,80,harvey,watts_strogatz,0,575,44255311.21681548,46620121.96140521,3252435,0,25353.769509807502,42686.87223083561,122349.82755411003,5.060741941597936,1.484982543276054,1.430082492021207
339,84,58,1000,80,harvey,watts_strogatz,3,640,37066312.231964715,39220886.30045461,7478621,9631284,20345.437410415594,37680.5569727572,73700.80082426357,4.19477174145786,1.2780341674307252,0.8189279797355147
344,86,10,1000,80,harvey,watts_strogatz,0,586,50688421.7856804,53483036.44516177,2670175,0,27677.677450950607,45290.274028708096,127409.87600621665,5.486123394537746,1.514377321894977,1.4446565575738752
341,85,57,1000,80,harvey,watts_strogatz,1,579,36525940.054253496,38535555.86313359,21666406,20413584,28656.98295795449,33697.72844039863,68174.2962585014,5.783779767698344,1.1401619497509872,0.7599601189345556
345,86,32,1000,80,harvey,watts_strogatz,1,433,51140860.53150892,53991847.30274282,14591669,13714071,34590.159510257756,44801.294731482296,118342.95376272849,6.635343105518539,1.4990223494470234,1.3448318062276374
342,85,68,1000,80,harvey,watts_strogatz,2,607,39186296.70724297,41611571.11521302,16573415,17186055,19531.02117219402,37130.73213904317,98864.31760037386,3.811668702757668,1.2841149306430397,1.1679927268822394
343,85,79,1000,80,harvey,watts_strogatz,3,585,40070627.719507396,42323018.48985038,6540490,7232500,20413.56526775593,40250.99406081623,80878.65726146591,4.170230370921631,1.3873032680867867,0.915765898117696
346,86,63,1000,80,harvey,watts_strogatz,2,538,51557848.14693711,54141439.35346391,13761857,14328883,20256.780958791824,44873.441257362945,153381.1886952844,4.049221147880391,1.5221359801674388,1.7088944410385365
347,86,29,1000,80,harvey,watts_strogatz,3,570,48180112.547702566,51249797.16126209,5285031,5997994,26874.346708343626,47191.5175110608,109292.59684046159,5.321074725513746,1.5857449280921694,1.2246895861665201
351,87,4,1000,80,harvey,watts_strogatz,3,399,60719549.58812523,64037748.704941325,1222908,107637,34188.87787220354,59251.46974704455,149790.49270354462,6.689814029273677,2.029289241385785,1.6621081251159135
352,88,14,1000,80,harvey,watts_strogatz,0,604,53314771.15699462,56381959.28720547,2031510,0,28257.50125748962,46504.180913737495,159394.60491865562,5.805775541570754,1.5907053661841422,1.821475179075096
348,87,55,1000,80,harvey,watts_strogatz,0,554,48398923.177222244,51429722.2867087,4870945,0,24186.480202475468,44604.64117931173,127717.36926714017,4.7242930812515915,1.4951983232496158,1.4452772782373535
350,87,27,1000,80,harvey,watts_strogatz,2,436,54543982.36780616,57617143.25817742,8969169,8057106,29823.100081763896,51516.9866643595,128926.71330783964,5.849507859063111,1.7966069292353803,1.517375694397451
349,87,79,1000,80,harvey,watts_strogatz,1,532,41825686.67496495,44085185.493374944,18540043,17459442,23148.720194503734,41144.29868563078,86267.31030278001,4.701976055249894,1.4026430096866036,0.9890445142934936
354,88,44,1000,80,harvey,watts_strogatz,2,582,44446248.24794503,47171835.3822719,12204727,11856818,25448.313239542298,41846.49534562207,111223.52100525683,5.088141796734051,1.4111841234979046,1.2271375088479528
353,88,54,1000,80,harvey,watts_strogatz,1,566,43125739.45421549,45579287.61287643,17924498,16834192,29120.741414277007,38345.44723780255,94001.5664894384,5.778645035009475,1.2877875459567927,1.0955492230155885
355,88,68,1000,80,harvey,watts_strogatz,3,601,42766575.07028862,45524260.56154606,6736519,8166681,23760.39691354849,43088.37781641648,95363.67602025464,4.886818965409738,1.4796829784089693,1.0903500159321544
358,89,22,1000,80,harvey,watts_strogatz,2,445,52433307.274401285,55369330.603483886,8010643,7189857,29621.133709131936,52394.48139289385,105540.20449168222,6.067783357496088,1.7682817752225586,1.1792235157281346
359,89,12,1000,80,harvey,watts_strogatz,3,548,46752626.662765324,50131079.74370005,2707021,2274799,26501.541791081105,44234.21044946352,120507.80966628576,5.2153029627932055,1.4974817542913623,1.3543115831318775
356,89,72,1000,80,harvey,watts_strogatz,0,634,46939606.12452302,50130747.234749615,4043090,0,22411.64548727767,45345.93061137866,111328.40939656195,4.3112153629534795,1.5460502122924167,1.2982657255037098
360,90,34,1000,80,harvey,watts_strogatz,0,585,49727097.73317153,52989677.8562413,3127675,0,24977.67885884737,47386.697460354786,125804.9737434448,4.733703058956631,1.628965270623532,1.4881560945707282
357,89,65,1000,80,harvey,watts_strogatz,1,532,45914105.15105128,48583069.60127855,16685708,15691142,24900.61486014306,42724.131776053895,116051.0189638904,4.859938423643752,1.4551991249685912,1.338028464989591
361,90,47,1000,80,harvey,watts_strogatz,1,578,44973531.00728323,47609704.26628604,15563653,14599532,33712.48902340207,39708.45703278311,104699.17757506117,6.413387428713561,1.4148374946163949,1.190636514979104
364,91,22,1000,80,harvey,watts_strogatz,0,599,52564171.056101054,55539891.247959465,2077480,0,24901.72064999959,52019.25437193189,117795.98224396697,4.892407913123639,1.799244812034025,1.322475234766711
365,91,5,1000,80,harvey,watts_strogatz,1,214,68351756.35666163,72769963.03303833,326857,179938,32172.422765599782,66564.58001972562,168444.0006671963,6.381525119000313,2.257579847006348,1.9618166839288176
362,90,54,1000,80,harvey,watts_strogatz,2,577,44068009.02436761,46772833.50021245,12709233,12462562,23794.029878182817,41003.757103599964,114998.10288243432,4.71108039242704,1.4102996872754945,1.3206331167466956
363,90,71,1000,80,harvey,watts_strogatz,3,586,44019788.59138271,46435715.87157164,7727482,9221943,22442.911061572355,41248.52259296938,111744.45110563248,4.62217689269999,1.389772901189951,1.2381484470993738
368,92,30,1000,80,harvey,watts_strogatz,0,556,45953137.56433372,48564786.8929843,3357380,0,23748.95214468471,46773.022099573674,104548.92349325395,4.77589400140594,1.5722216028221463,1.1799895346820075
369,92,17,1000,80,harvey,watts_strogatz,1,284,65361795.776890576,68696846.56508721,3900100,3557815,34016.5590270795,60829.29483883801,160891.15704257932,6.52333794645747,2.0926011475968305,1.8516160930831633
371,92,3,1000,80,harvey,watts_strogatz,3,345,62018745.9551344,65584347.23184956,1030208,79437,31519.016730322648,59051.52968503011,148663.88720720474,6.38475794087929,1.9953532990727936,1.6445066860204762
366,91,72,1000,80,harvey,watts_strogatz,2,611,43137535.83736625,45607111.855310924,14496753,15097757,19606.898456924955,41578.38277696841,102806.10920296694,3.929611372947975,1.4063322451362212,1.2012759654483203
367,91,75,1000,80,harvey,watts_strogatz,3,609,38392698.33011431,40694123.80026866,7098428,7213712,19251.234865718365,37779.99458382057,86386.12550107329,3.7294405008859934,1.2742272131401526,0.9759896697047002
370,92,34,1000,80,harvey,watts_strogatz,2,461,49076556.5638202,52188552.69774378,8812889,7838451,28728.239439358204,48449.874233222174,104810.5717855038,5.554974572626611,1.640561839189294,1.1904574154388763
373,93,24,1000,80,harvey,watts_strogatz,1,448,57091444.11797197,60365424.762253016,8125882,7554783,33889.43587253711,54172.21083296359,130516.32137718645,6.673748884620327,1.8651849584739055,1.472578171830298
372,93,59,1000,80,harvey,watts_strogatz,0,564,45413753.08832759,48242915.739032224,4630330,0,26424.31345530666,44977.50520981479,97547.54714094114,5.065493071127695,1.493120098581101,1.115080148809849
374,93,58,1000,80,harvey,watts_strogatz,2,590,42615911.725667946,45050196.63758748,14916418,16079492,19800.19642523201,36690.30203297894,119389.73756359646,3.9543601817890135,1.245658427899903,1.379055565294373
375,93,51,1000,80,harvey,watts_strogatz,3,618,39448120.81138035,41678279.10334657,6784638,7556747,18707.26427097587,37352.75826139106,94888.59695137164,3.7068893070016142,1.2581915209517776,1.0688939632911438
379,94,2,1000,80,harvey,watts_strogatz,3,248,69665292.2200561,73780279.81335397,552894,95771,35442.5018543371,67749.71988100026,166684.1440960659,6.852357178717334,2.35239137900116,1.8822134335589988
378,94,16,1000,80,harvey,watts_strogatz,2,376,64426098.69379379,68336401.19082364,2642576,2030799,33040.31251469346,63978.48833180779,161504.70380405607,6.473660230710228,2.168505391718807,1.8294693151020902
376,94,72,1000,80,harvey,watts_strogatz,0,660,48241942.03089328,50955028.44278277,6008940,0,24146.791992879982,46335.22935764975,119522.38309257558,5.003883354960779,1.551968747404053,1.3201923777238378
382,95,14,1000,80,harvey,watts_strogatz,2,338,60387910.62178435,63963620.005043186,2205321,1345414,31695.695882234057,64731.45532059204,97911.54708714808,6.342515112777757,2.240006251457196,1.1089526751617198
380,95,51,1000,80,harvey,watts_strogatz,0,592,50327080.826773174,53121903.581132255,3761190,0,24197.191834475234,50201.38995154811,114286.20748918128,4.830131150325062,1.7393056106260567,1.32998442762333
377,94,80,1000,80,harvey,watts_strogatz,1,552,39259407.50848683,41371364.18589761,19644260,18507270,22103.86259135846,38981.88479734056,80703.55754284283,4.330036852743994,1.32014197726802,0.9112195726770138
385,96,16,1000,80,harvey,watts_strogatz,1,281,62613271.75495975,66607001.24455715,1845341,1607864,32170.866926300063,60170.74240812045,159355.7034129739,6.3237703032687875,2.063762360947218,1.808793513922148
381,95,77,1000,80,harvey,watts_strogatz,1,558,41022375.23119687,43669664.74609493,20518284,19336306,23259.905430724193,37956.55773185256,94242.99829326993,4.543802709531338,1.2691398732303536,1.0925177747968733
386,96,17,1000,80,harvey,watts_strogatz,2,374,63620842.569624595,67585073.80006282,3058326,2412809,35435.00246501834,63043.269823924325,138874.0562156988,7.1496554014540195,2.140675530810516,1.585979180889134
383,95,71,1000,80,harvey,watts_strogatz,3,614,35676712.79065262,37831598.88804245,7028195,7173860,20702.869030666378,34307.878807344634,80806.66712032697,4.080598875086142,1.1701532176007725,0.8860728789287752
388,97,16,1000,80,harvey,watts_strogatz,0,529,55844601.57519004,59179385.54906817,1881510,0,25278.555194136134,53343.36894409219,136803.89897670483,5.073780519365943,1.8600621080872186,1.5620238975617977
384,96,76,1000,80,harvey,watts_strogatz,0,640,40916039.98462904,43382768.85904155,4997990,0,20151.349685807898,42267.28669642994,83108.40313364631,3.9499208030840975,1.4364121357193702,0.9536177343962979
389,97,26,1000,80,harvey,watts_strogatz,1,490,53420837.54904524,56749647.98106525,9674874,9007486,31018.907480325626,51120.83856322538,116837.57672215723,5.97689391528112,1.73689287851208,1.344965308337589
387,96,61,1000,80,harvey,watts_strogatz,3,589,44235174.29744103,46699433.3901468,6719399,7109686,23979.17915754291,40374.81846126178,109042.36712511454,4.655508792917438,1.3685586732557111,1.2614868163906285
391,97,41,1000,80,harvey,watts_strogatz,3,621,39919667.79407038,42848094.88341219,6246659,5943801,21325.32873724647,38525.409047018904,95097.32931530807,4.269652761373774,1.3141688058949497,1.0749080170292062
390,97,55,1000,80,harvey,watts_strogatz,2,565,41170508.77896808,43832645.995944425,12780624,12600686,23351.599627988195,40947.99283835364,85675.8101907959,4.297445503446698,1.3305554542833051,0.9798030563322351
392,98,46,1000,80,harvey,watts_strogatz,0,568,48320035.859798074,50904032.94877363,3376970,0,24472.42051847063,47537.58789098165,101793.71513849539,4.901258200393857,1.659080820794381,1.1816337387670413
395,98,25,1000,80,harvey,watts_strogatz,3,581,52140224.73179452,54998650.79897351,4559755,4521255,27122.020663331496,47617.66589524605,123805.63608033104,5.175257885620286,1.663784059416991,1.4270399458055076
394,98,36,1000,80,harvey,watts_strogatz,2,578,40250692.190263055,42420176.74884614,15756270,15239305,23286.163948024634,35117.26611674838,108830.77993007848,4.598514188762808,1.1706066099884578,1.2858029682735361
393,98,67,1000,80,harvey,watts_strogatz,1,549,41843759.45781812,44139287.352521196,19203091,18048534,26757.53247737293,37692.1233125404,100075.33319393071,5.344149718805076,1.271787973994549,1.1405908847150876
397,99,37,1000,80,harvey,watts_strogatz,1,424,50279887.687676296,53348252.153089106,12289408,11513502,31488.7949846108,49351.5896126827,103608.68984450356,6.418352712894432,1.7189522310573961,1.196742069918738
396,99,76,1000,80,harvey,watts_strogatz,0,598,44373715.87638049,46909549.300581716,5224195,0,20640.9302835041,40562.507698000925,133267.58025872568,4.025575806711009,1.3546760112459637,1.5404523091642894
398,99,65,1000,80,harvey,watts_strogatz,2,608,37781934.21444691,39862026.135953635,17336201,18800024,22396.67326685163,35616.57676623232,94936.71028809196,4.400960037142973,1.1935828518104132,1.0554515485660054
399,99,64,1000,80,harvey,watts_strogatz,3,589,36737365.69220942,38547456.71380266,7672270,8955035,20215.428373442963,35807.180102048034,83753.16568270564,4.068831445948151,1.179949264133758,0.9918543765086647
